日期,指数,收盘,开盘,最高,最低,成交量
2024-07-16,恒生指数,17727.98047,17845.06,17899.55,17727.98,9232395477
2024-07-17,恒生指数,17739.41016,17741.77,17807.68,17658.68,10400175184
2024-07-18,恒生指数,17778.41016,17653.23,17864.12,17623.74,8608860658
2024-07-19,恒生指数,17417.67969,17603.8,17629.97,17376.23,10738648620
2024-07-22,恒生指数,17635.88086,17465.13,17693.35,17313.88,9385972819
2024-07-23,恒生指数,17469.35938,17679.55,17707.68,17451.86,8150560945
2024-07-24,恒生指数,17311.04883,17454.43,17516.95,17251.26,8907376578
2024-07-25,恒生指数,17004.96875,17260.83,17288.46,16964.52,10462241132
2024-07-26,恒生指数,17021.31055,17079.67,17229.19,16924.58,8453533560
2024-07-29,恒生指数,17238.33984,17196.45,17358.66,17154.12,8379716052
2024-07-30,恒生指数,17002.91016,17194.37,17194.37,16971.6,10205755283
2024-07-31,恒生指数,17344.59961,17070.86,17400.24,17015.83,14021348214
2024-08-01,恒生指数,17304.96094,17327.85,17408.95,17248.12,9124739003
2024-08-02,恒生指数,16945.50977,17025.26,17075.52,16865.93,8925022447
2024-08-05,恒生指数,16698.35938,16676.82,16944.59,16441.44,12809124790
2024-08-06,恒生指数,16647.33984,16861.3,16908.97,16611.14,9286662308
2024-08-07,恒生指数,16877.85938,16684.78,16988.26,16684.78,9054548010
2024-08-08,恒生指数,16891.83008,16773.04,17023.1,16665.06,8677628336
2024-08-09,恒生指数,17090.23047,17097.36,17252.22,17079.35,10123582886
2024-08-12,恒生指数,17111.65039,17102.98,17162.76,17002.93,7502960245
2024-08-13,恒生指数,17174.06055,17160.21,17252.88,17074.69,7596932389
2024-08-14,恒生指数,17113.35938,17233.68,17254.23,17055.7,6474310978
2024-08-15,恒生指数,17109.13867,17008.21,17283.65,16926.47,8230117094
2024-08-16,恒生指数,17430.16016,17286.04,17473.89,17255.86,7927453170
2024-08-19,恒生指数,17569.57031,17569.66,17685.86,17547.65,9313427063
2024-08-20,恒生指数,17511.08008,17661.69,17661.69,17449.99,7447003914
2024-08-21,恒生指数,17391.00977,17313.86,17415.48,17232.13,8253964846
2024-08-22,恒生指数,17641.0,17497.63,17652.8,17389.94,9736065321
2024-08-23,恒生指数,17612.09961,17521.18,17635.7,17493.08,7380059995
2024-08-26,恒生指数,17798.73047,17709.27,17826.05,17709.27,8330380400
2024-08-27,恒生指数,17874.66992,17663.8,17879.27,17624.42,9165270480
2024-08-28,恒生指数,17692.44922,17847.99,17879.01,17659.29,8803648260
2024-08-29,恒生指数,17786.32031,17614.41,17797.17,17502.53,11710621982
2024-08-30,恒生指数,17989.07031,17794.41,18202.6,17778.1,17507635945
2024-09-02,恒生指数,17691.96875,17862.59,17862.59,17645.92,9978668028
2024-09-03,恒生指数,17651.49023,17665.93,17725.51,17583.7,12837076253
2024-09-04,恒生指数,17457.33984,17474.74,17531.05,17333.3,9945861924
2024-09-05,恒生指数,17444.30078,17469.96,17555.61,17332.49,9673212539
2024-09-09,恒生指数,17196.96094,17261.89,17305.91,17067.45,13036556184
2024-09-10,恒生指数,17234.08984,17205.42,17297.95,17133.5,11237387966
2024-09-11,恒生指数,17108.71094,17051.84,17124.96,16964.28,11655105682
2024-09-12,恒生指数,17240.39063,17177.3,17334.19,17127.25,9089166136
2024-09-13,恒生指数,17369.08984,17298.35,17540.81,17298.35,7788948019
2024-09-16,恒生指数,17422.11914,17252.77,17422.12,17177.08,4324959494
2024-09-17,恒生指数,17660.01953,17386.75,17715.77,17368.14,4787196464
2024-09-19,恒生指数,18013.16016,17633.93,18071.1,17602.45,12061642911
2024-09-20,恒生指数,18258.57031,18069.33,18355.15,18047.13,14499894203
2024-09-23,恒生指数,18247.11133,18237.41,18426.92,18212.58,11042510840
2024-09-24,恒生指数,19000.56055,18573.92,19002.05,18532.28,17864857978
2024-09-25,恒生指数,19129.10156,19592.43,19592.43,19072.72,20283915916
2024-09-26,恒生指数,19924.58008,19302.57,19954.06,19176.58,27234012652
2024-09-27,恒生指数,20632.30078,20446.74,20743.2,20268.63,37331638414
2024-09-30,恒生指数,21133.67969,21175.41,21488.75,20789.93,52846626739
2024-10-02,恒生指数,22443.73047,21289.6,22667.74,21289.6,46353502897
2024-10-03,恒生指数,22113.50977,22484.04,22484.04,21442.25,37495523695
2024-10-04,恒生指数,22736.87109,22015.08,22742.36,21824.68,32477455670
2024-10-07,恒生指数,23099.7793,22948.35,23241.74,22719.91,34302729054
2024-10-08,恒生指数,20926.79102,22849.23,22902.36,20762.82,55854386287
2024-10-09,恒生指数,20637.24023,21290.04,21417.75,20190.53,39314149978
2024-10-10,恒生指数,21251.98047,21046.0,21622.65,20983.94,30005175042
2024-10-14,恒生指数,21092.87109,21228.65,21348.86,20693.75,24968847069
2024-10-15,恒生指数,20318.79102,21046.19,21095.01,20154.71,23120600774
2024-10-16,恒生指数,20286.84961,20144.75,20548.18,20131.34,20699082829
2024-10-17,恒生指数,20079.10156,20471.99,20783.35,19977.35,20407437919
2024-10-18,恒生指数,20804.11133,20106.65,20952.99,20058.67,22479038499
2024-10-21,恒生指数,20478.46094,20730.95,20845.57,20423.09,17401736878
2024-10-22,恒生指数,20498.95117,20433.49,20629.48,20380.04,13096053289
2024-10-23,恒生指数,20760.15039,20525.44,20942.26,20448.84,18856034093
2024-10-24,恒生指数,20489.61914,20576.05,20685.46,20448.46,14795259227
2024-10-25,恒生指数,20590.15039,20521.95,20784.47,20521.95,18575468411
2024-10-28,恒生指数,20599.35938,20592.74,20669.41,20428.94,16262923636
2024-10-29,恒生指数,20701.13867,20729.98,20890.08,20563.74,17645998222
2024-10-30,恒生指数,20380.64063,20586.55,20681.52,20270.07,15540896888
2024-10-31,恒生指数,20317.33008,20414.2,20553.3,20317.33,16424461977
2024-11-01,恒生指数,20506.42969,20427.88,20667.22,20353.34,13898243622
2024-11-04,恒生指数,20567.51953,20584.45,20633.58,20446.26,12383589867
2024-11-05,恒生指数,21006.96875,20409.94,21006.97,20409.94,17500969470
2024-11-06,恒生指数,20538.38086,20791.8,20859.66,20361.92,18881961632
2024-11-07,恒生指数,20953.33984,20386.36,20986.31,20370.44,24037379140
2024-11-08,恒生指数,20728.18945,21199.96,21355.44,20705.12,19831280468
2024-11-11,恒生指数,20426.92969,20258.14,20505.01,20151.38,16753782032
2024-11-12,恒生指数,19846.88086,20334.09,20517.24,19761.31,19844619061
2024-11-13,恒生指数,19823.44922,19671.92,19840.28,19608.32,13506327928
2024-11-14,恒生指数,19435.81055,19626.26,19859.17,19392.59,15652070385
2024-11-15,恒生指数,19426.33984,19503.03,19608.24,19332.34,12800686291
2024-11-18,恒生指数,19576.60938,19595.5,19781.08,19470.43,13411336968
2024-11-19,恒生指数,19663.66992,19699.81,19758.57,19522.59,11571221022
2024-11-20,恒生指数,19705.00977,19623.39,19752.93,19575.91,11006260299
2024-11-21,恒生指数,19601.11133,19646.04,19764.62,19552.5,12607325695
2024-11-22,恒生指数,19229.96875,19613.55,19711.4,19134.59,15305178352
2024-11-25,恒生指数,19150.99023,19307.34,19351.06,19102.06,16076562704
2024-11-26,恒生指数,19159.19922,19054.4,19295.75,19054.4,11156991628
2024-11-27,恒生指数,19603.12891,19187.05,19660.99,19061.6,11179542001
2024-11-28,恒生指数,19366.96094,19558.18,19558.18,19312.26,8961736265
2024-11-29,恒生指数,19423.60938,19346.62,19658.2,19312.41,12753076249
2024-12-02,恒生指数,19550.28906,19442.31,19690.22,19387.2,11540752317
2024-12-03,恒生指数,19746.32031,19585.35,19768.32,19386.82,12068124665
2024-12-04,恒生指数,19742.46094,19722.15,19823.09,19615.61,11148636444
2024-12-05,恒生指数,19560.43945,19578.66,19642.73,19466.69,10165095048
2024-12-06,恒生指数,19865.84961,19611.62,19934.72,19566.29,14787144392
2024-12-09,恒生指数,20414.08984,19732.28,20433.73,19695.51,21056905563
2024-12-10,恒生指数,20311.2793,21070.05,21070.05,20308.86,22577628405
2024-12-11,恒生指数,20155.04883,20404.5,20481.37,20100.07,14075406847
2024-12-12,恒生指数,20397.04883,20213.24,20546.44,20121.47,14407339224
2024-12-13,恒生指数,19971.24023,20238.21,20238.21,19927.27,14678744646
2024-12-16,恒生指数,19795.49023,19947.23,20049.21,19726.15,11999563892
2024-12-17,恒生指数,19700.48047,19678.03,19930.83,19620.63,12325849166
2024-12-18,恒生指数,19864.55078,19884.54,19953.53,19802.22,11379386803
2024-12-19,恒生指数,19752.50977,19610.1,19849.03,19591.49,15079369324
2024-12-20,恒生指数,19720.70117,19697.06,19875.9,19692.68,16089534971
2024-12-23,恒生指数,19883.12891,19843.65,19937.39,19746.46,12827058146
2024-12-24,恒生指数,20098.28906,19911.5,20165.46,19908.57,8614702521
2024-12-27,恒生指数,20090.46094,20083.44,20184.88,20009.95,14497826311
2024-12-30,恒生指数,20041.41992,20124.75,20193.09,19968.07,12379040625
2024-12-31,恒生指数,20059.95117,20003.36,20180.4,20003.36,7459899328
2025-01-02,恒生指数,19623.32031,19932.8,19932.8,19542.98,14248383974
2025-01-03,恒生指数,19760.26953,19708.74,19891.86,19634.07,13245304478
2025-01-06,恒生指数,19688.28906,19848.71,19851.55,19627.84,11751849992
2025-01-07,恒生指数,19447.58008,19501.45,19668.65,19252.61,13015662090
2025-01-08,恒生指数,19279.83984,19390.76,19483.59,19111.54,13097476852
2025-01-09,恒生指数,19240.88867,19254.38,19405.74,19227.73,9683918620
2025-01-10,恒生指数,19064.28906,19328.07,19370.49,19036.64,14186650194
2025-01-13,恒生指数,18874.14063,18918.15,18929.12,18671.49,12249986772
2025-01-14,恒生指数,19219.7793,18901.56,19318.36,18901.56,12749040102
2025-01-15,恒生指数,19286.07031,19149.94,19319.22,19149.94,9953422420
2025-01-16,恒生指数,19522.88867,19454.92,19664.39,19345.19,11599617892
2025-01-17,恒生指数,19584.06055,19499.1,19640.37,19423.7,10743899411
2025-01-20,恒生指数,19925.81055,19804.64,20093.65,19786.73,11056329839
2025-01-21,恒生指数,20106.55078,20128.34,20205.25,19920.31,13947484532
2025-01-22,恒生指数,19778.76953,19997.09,20022.34,19733.21,10962605807
2025-01-23,恒生指数,19700.56055,19881.32,20044.06,19644.83,13211906390
2025-01-24,恒生指数,20066.18945,19842.85,20144.0,19768.13,12131678709
2025-01-27,恒生指数,20197.76953,20118.02,20296.94,20118.02,13431807057
2025-01-28,恒生指数,20225.11133,20337.46,20337.46,20165.73,3582034741
2025-02-03,恒生指数,20217.26172,20048.87,20222.0,19764.67,7934301281
2025-02-04,恒生指数,20789.96094,20488.29,20885.49,20297.64,9723367340
2025-02-05,恒生指数,20597.08984,20827.77,20827.77,20417.39,12825594714
2025-02-06,恒生指数,20891.61914,20598.98,20891.62,20532.06,13338335332
2025-02-07,恒生指数,21133.53906,20858.52,21213.7,20806.1,20025875300
2025-02-10,恒生指数,21521.98047,21223.61,21539.63,21223.61,18424348745
2025-02-11,恒生指数,21294.86133,21656.82,21682.41,21279.37,15128221878
2025-02-12,恒生指数,21857.91992,21526.41,21858.83,21411.09,21292344125
2025-02-13,恒生指数,21814.36914,21958.69,22523.57,21735.56,24880272760
2025-02-14,恒生指数,22620.33008,22027.07,22620.33,22027.07,25805023982
2025-02-17,恒生指数,22616.23047,22755.06,22977.25,22319.32,25799038674
2025-02-18,恒生指数,22976.81055,22664.73,23141.41,22608.18,20910718109
2025-02-19,恒生指数,22944.24023,22777.46,22975.34,22649.49,19979706084
2025-02-20,恒生指数,22576.97852,22716.71,22849.66,22436.13,18812989220
2025-02-21,恒生指数,23477.91992,23090.03,23477.92,22901.69,24928966046
2025-02-24,恒生指数,23341.60938,23472.14,23688.45,23221.57,22917038342
2025-02-25,恒生指数,23034.01953,22716.48,23248.52,22716.48,19039133062
2025-02-26,恒生指数,23787.92969,23238.34,23973.17,23238.34,23778474203
2025-02-27,恒生指数,23718.28906,23783.75,24076.53,23441.74,25568468943
2025-02-28,恒生指数,22941.32031,23616.18,23616.18,22798.34,27422505014
2025-03-03,恒生指数,23006.26953,23135.12,23405.98,22861.75,18821426346
2025-03-04,恒生指数,22941.76953,22678.25,23051.01,22547.53,14916964694
2025-03-05,恒生指数,23594.20898,23200.42,23636.65,23090.63,17505078346
2025-03-06,恒生指数,24369.71094,23987.09,24410.93,23987.09,22525620658
2025-03-07,恒生指数,24231.29883,24182.02,24669.62,24065.01,20718448763
2025-03-10,恒生指数,23783.49023,24115.98,24292.8,23632.42,17064478941
2025-03-11,恒生指数,23782.14063,23274.86,23858.61,23238.36,15842097257
2025-03-12,恒生指数,23600.31055,23859.23,23962.03,23363.98,16648524142
2025-03-13,恒生指数,23462.65039,23616.33,23712.61,23198.73,16652515459
2025-03-14,恒生指数,23959.98047,23653.33,24113.53,23454.49,19242325857
2025-03-17,恒生指数,24145.57031,24226.0,24352.47,24077.15,17300820549
2025-03-18,恒生指数,24740.57031,24679.35,24745.13,24475.26,17348333444
2025-03-19,恒生指数,24771.13867,24697.63,24874.39,24601.73,15880723500
2025-03-20,恒生指数,24219.95117,24753.15,24753.15,24186.69,16971016841
2025-03-21,恒生指数,23689.7207,24109.07,24230.72,23577.78,20741272785
2025-03-24,恒生指数,23905.56055,23749.58,23967.51,23531.2,14518399725
2025-03-25,恒生指数,23344.25,23643.32,23747.32,23321.67,15739198225
2025-03-26,恒生指数,23483.32031,23460.31,23596.85,23350.73,14679540467
2025-03-27,恒生指数,23578.80078,23543.86,23865.62,23372.36,17868246536
2025-03-28,恒生指数,23426.59961,23672.82,23775.3,23254.3,15980083476
2025-03-31,恒生指数,23119.58008,23207.07,23399.73,23002.81,20610999068
2025-04-01,恒生指数,23206.83984,23217.11,23456.58,23123.35,15224491840
2025-04-02,恒生指数,23202.5293,23167.31,23393.03,22980.96,13389555614
2025-04-03,恒生指数,22849.81055,22638.21,22998.3,22638.21,15841996807
2025-04-07,恒生指数,19828.30078,20730.05,21047.83,19706.03,43953917938
2025-04-08,恒生指数,20127.67969,20157.52,20454.26,19745.14,25481770031
2025-04-09,恒生指数,20264.49023,19494.92,20441.14,19260.21,25379198325
2025-04-10,恒生指数,20681.7793,20810.43,21211.13,20530.43,21719389280
2025-04-11,恒生指数,20914.68945,20557.49,21127.37,20444.04,16057893230
2025-04-14,恒生指数,21417.40039,21363.88,21517.32,21224.55,15523657519
2025-04-15,恒生指数,21466.26953,21603.52,21603.52,21297.59,11522071696
2025-04-16,恒生指数,21056.97852,21316.47,21363.57,20868.36,13357989478
2025-04-17,恒生指数,21395.13867,21066.81,21417.64,21039.16,12799356222
2025-04-22,恒生指数,21562.32031,21303.51,21592.67,21191.02,15249508178
2025-04-23,恒生指数,22072.62109,22080.19,22138.81,21862.87,14027782223
2025-04-24,恒生指数,21909.75977,22030.15,22093.68,21712.1,14156470957
2025-04-25,恒生指数,21980.73828,22080.44,22267.96,21923.9,16125141605
2025-04-28,恒生指数,21971.96094,22072.35,22072.35,21817.85,12207246582
2025-04-29,恒生指数,22008.11133,22073.36,22213.51,21918.1,11585663649
2025-04-30,恒生指数,22119.41016,22038.73,22129.31,21848.33,14901337776
2025-05-02,恒生指数,22504.67969,22192.51,22532.54,22058.3,7711586833
2025-05-06,恒生指数,22662.71094,22576.56,22747.63,22449.16,14664815224
2025-05-07,恒生指数,22691.88086,23169.83,23197.57,22691.88,16095233896
2025-05-08,恒生指数,22775.91992,22589.13,22979.29,22589.13,14702957502
2025-05-09,恒生指数,22867.74023,22856.21,22907.91,22692.44,12888338973
2025-05-12,恒生指数,23549.45898,23183.81,23685.34,22982.91,19959344107
2025-05-13,恒生指数,23108.26953,23494.44,23494.44,23070.48,21432341388
2025-05-14,恒生指数,23640.65039,23316.45,23640.65,23278.22,16133762031
2025-05-15,恒生指数,23453.16016,23644.4,23710.82,23371.73,13745796609
2025-05-16,恒生指数,23345.04883,23249.16,23374.7,23190.31,12182301649
2025-05-19,恒生指数,23332.7207,23156.27,23402.2,23059.89,12811743419
2025-05-20,恒生指数,23681.48047,23398.35,23709.04,23357.0,14667866009
2025-05-21,恒生指数,23827.7793,23736.43,23917.0,23697.76,16147796222
2025-05-22,恒生指数,23544.31055,23748.58,23778.24,23470.81,14547180611
2025-05-23,恒生指数,23601.26172,23557.38,23749.38,23487.4,15601821417
2025-05-26,恒生指数,23282.33008,23505.9,23571.02,23234.27,14064456819
2025-05-27,恒生指数,23381.99023,23216.87,23419.55,23167.56,12658064054
2025-05-28,恒生指数,23258.31055,23385.18,23476.22,23180.17,12610732986
2025-05-29,恒生指数,23573.37891,23240.71,23603.82,23207.37,16730415455
2025-05-30,恒生指数,23289.76953,23339.64,23375.34,23163.22,19191987348
2025-06-02,恒生指数,23157.96875,23043.1,23163.35,22668.35,9429478624
2025-06-03,恒生指数,23512.49023,23281.1,23535.37,23281.1,15837935351
2025-06-04,恒生指数,23654.03125,23499.78,23716.93,23481.46,16869939569
2025-06-05,恒生指数,23906.96875,23828.69,23911.14,23732.31,16860179017
2025-06-06,恒生指数,23792.54102,23941.57,23951.14,23773.36,17148833440
2025-06-09,恒生指数,24181.42969,23977.54,24181.43,23957.96,19478192065
2025-06-10,恒生指数,24162.87109,24231.31,24296.47,24003.38,20758220406
2025-06-11,恒生指数,24366.94141,24191.32,24439.35,24179.35,19662842424
2025-06-12,恒生指数,24035.37891,24223.12,24288.76,24002.42,21483102413
2025-06-13,恒生指数,23892.56055,23959.81,24100.32,23774.92,26328661263
2025-06-16,恒生指数,24060.99023,23791.79,24125.05,23718.72,22854730447
2025-06-17,恒生指数,23980.30078,24107.34,24131.44,23880.67,18815582075
2025-06-18,恒生指数,23710.68945,23859.55,23880.24,23631.48,25269443515
2025-06-19,恒生指数,23237.74023,23620.02,23653.55,23185.58,21422569944
2025-06-20,恒生指数,23530.48047,23291.4,23538.63,23291.4,22039465790
2025-06-23,恒生指数,23689.12891,23335.51,23689.13,23272.75,16746242904
2025-06-24,恒生指数,24177.07031,23832.73,24229.21,23832.73,20149407750
2025-06-25,恒生指数,24474.66992,24327.82,24533.39,24287.86,27958323519
2025-06-26,恒生指数,24325.40039,24345.29,24411.48,24235.54,38027773696
2025-06-27,恒生指数,24284.15039,24451.19,24471.53,24194.85,37988822254
2025-06-30,恒生指数,24072.2793,24274.91,24274.91,24064.26,24524407273
2025-07-02,恒生指数,24221.41016,24304.31,24372.7,24122.57,29306593653
2025-07-03,恒生指数,24069.93945,24234.28,24269.14,23920.0,22101421783
2025-07-04,恒生指数,23916.06055,23900.69,24068.51,23690.94,23857556951
2025-07-07,恒生指数,23887.83008,23828.85,23910.95,23713.78,17719839125
2025-07-08,恒生指数,24148.07031,23927.53,24159.01,23899.6,23555215491
2025-07-09,恒生指数,23892.32031,24061.08,24061.08,23827.15,25709387599
2025-07-10,恒生指数,24028.36914,23865.64,24087.59,23820.58,36603854822
2025-07-11,恒生指数,24139.57031,24033.12,24506.3,24033.12,35636121396
2025-07-14,恒生指数,24203.32031,24100.57,24267.84,24097.32,30408527764
2025-07-15,恒生指数,24590.11914,24281.94,24590.12,24141.88,29645080499
2025-07-16,恒生指数,24517.75977,24704.05,24867.81,24517.75,23412816994
2025-07-17,恒生指数,24498.95117,24547.08,24672.51,24447.93,23732340250
2025-07-18,恒生指数,24825.66016,24757.83,24825.66,24630.79,36295842509
2025-07-21,恒生指数,24994.14063,24991.14,25010.9,24844.8,31659065392
2025-07-22,恒生指数,25130.03125,25024.93,25130.03,24900.59,29441853896
2025-07-23,恒生指数,25538.07031,25348.3,25538.07,25228.01,28704745240
2025-07-24,恒生指数,25667.18164,25528.22,25735.89,25502.49,25777784412
2025-07-25,恒生指数,25388.34961,25531.59,25585.73,25355.31,22835266683
2025-07-28,恒生指数,25562.12891,25458.87,25667.4,25399.36,21340215252
2025-07-29,恒生指数,25524.44922,25454.83,25530.42,25252.32,26147016753
2025-07-30,恒生指数,25176.92969,25335.21,25499.57,25082.2,25159377150
2025-07-31,恒生指数,24773.33008,24982.87,25000.06,24744.92,25669777891
2025-08-01,恒生指数,24507.81055,24744.34,24856.54,24507.63,19742270526
2025-08-04,恒生指数,24733.44922,24431.88,24748.76,24372.51,15179323095
2025-08-05,恒生指数,24902.5293,24746.81,24925.9,24686.85,18573356133
2025-08-06,恒生指数,24910.63086,24864.15,25002.97,24806.46,17394284847
2025-08-07,恒生指数,25081.63086,24982.5,25115.16,24820.6,17391250169
2025-08-08,恒生指数,24858.81836,24968.31,24999.11,24812.12,17027706979
2025-08-11,恒生指数,24906.81055,24946.55,24969.3,24775.73,17964721580
2025-08-12,恒生指数,24969.67969,24824.07,25016.29,24801.13,18387328193
2025-08-13,恒生指数,25613.66992,25176.52,25613.67,25176.52,23206051495
2025-08-14,恒生指数,25519.32031,25766.62,25766.62,25449.8,22080298760
2025-08-15,恒生指数,25270.07031,25322.1,25356.54,25167.81,25035881175
2025-08-18,恒生指数,25176.84961,25293.34,25466.1,25176.85,26982770263
2025-08-19,恒生指数,25122.89844,25241.29,25260.58,25083.2,22011389478
2025-08-20,恒生指数,25165.93945,24968.57,25210.9,24887.93,20923657937
2025-08-21,恒生指数,25104.60938,25216.42,25216.42,25000.85,18829854934
2025-08-22,恒生指数,25339.13867,25205.04,25349.08,25140.08,20222416604
2025-08-25,恒生指数,25829.91016,25606.88,25918.86,25590.62,28375456867
2025-08-26,恒生指数,25524.91992,25714.91,25819.7,25524.92,23343466090
2025-08-27,恒生指数,25201.75977,25626.17,25653.92,25140.17,28494494239
2025-08-28,恒生指数,24998.81836,25030.54,25093.65,24808.78,25047955948
2025-08-29,恒生指数,25077.61914,25095.45,25277.51,25066.85,27445134839
2025-09-01,恒生指数,25617.41992,25508.21,25638.34,25471.35,27681508281
2025-09-02,恒生指数,25496.55078,25587.97,25724.73,25416.61,24939836451
2025-09-03,恒生指数,25343.42969,25660.65,25789.99,25276.87,19063097760
2025-09-04,恒生指数,25058.50977,25489.13,25494.45,25013.26,24023650959
2025-09-05,恒生指数,25417.98047,25136.24,25471.8,25090.65,23452472165
2025-09-08,恒生指数,25633.91016,25440.01,25664.01,25387.81,22353850976
2025-09-09,恒生指数,25938.12891,25711.07,26027.94,25675.28,23293878674
2025-09-10,恒生指数,26200.25977,26042.41,26296.6,26017.5,20658125703
2025-09-11,恒生指数,26086.32031,25987.49,26241.46,25878.97,22437112633
2025-09-12,恒生指数,26388.16016,26539.44,26585.95,26329.66,25406216488
2025-09-15,恒生指数,26446.56055,26308.91,26532.75,26280.23,20716498350
2025-09-16,恒生指数,26438.50977,26536.63,26601.59,26332.21,22471751457
2025-09-17,恒生指数,26908.39063,26554.19,26936.5,26540.57,26902666076
2025-09-18,恒生指数,26544.84961,26863.69,27058.03,26322.08,26607045095
2025-09-19,恒生指数,26545.10156,26583.03,26637.64,26414.11,27118027690
2025-09-22,恒生指数,26344.14063,26459.52,26479.14,26204.01,20244212891
2025-09-23,恒生指数,26159.11914,26435.58,26454.09,26003.67,20677924278
2025-09-24,恒生指数,26518.65039,26073.69,26562.88,26057.26,20209557307
2025-09-25,恒生指数,26484.67969,26536.13,26640.53,26403.52,21730751204
2025-09-26,恒生指数,26128.19922,26272.3,26406.05,26072.93,21752621917
2025-09-29,恒生指数,26622.88086,26321.57,26687.72,26321.57,20095037050
2025-09-30,恒生指数,26855.55859,26674.16,26888.4,26558.28,20514156899
2025-10-02,恒生指数,27287.11914,26918.3,27381.84,26918.3,13478843161
2025-10-03,恒生指数,27140.92188,27221.46,27262.0,26972.71,9458249035
2025-10-06,恒生指数,26957.76953,27003.92,27145.17,26873.34,9925160022
2025-10-08,恒生指数,26829.45898,26900.64,26906.2,26517.45,13116996561
2025-10-09,恒生指数,26752.58984,26862.03,26978.41,26480.58,25482835987
2025-10-10,恒生指数,26290.32031,26523.89,26558.87,26247.04,21463357441
2025-10-13,恒生指数,25889.48047,25634.0,25895.62,25336.09,28486077197
2025-10-14,恒生指数,25441.34961,25969.21,26102.68,25331.64,23452503823
2025-10-15,恒生指数,25910.59961,25714.89,25982.21,25593.45,19378662094
2025-10-16,恒生指数,25888.50977,25890.01,26062.8,25687.32,18295304080
2025-10-17,恒生指数,25247.10156,25851.94,25859.82,25145.34,20787878213
2025-10-20,恒生指数,25858.83008,25884.46,25912.77,25710.61,14788313539
2025-10-21,恒生指数,26027.55078,26160.24,26367.35,26017.72,16560612764
2025-10-22,恒生指数,25781.76953,25897.62,25947.88,25653.75,15174330651
2025-10-23,恒生指数,25967.98047,25718.53,26080.84,25591.66,18299655090
2025-10-24,恒生指数,26160.15039,26177.11,26239.96,26063.99,15216232331
2025-10-27,恒生指数,26433.69922,26495.97,26495.97,26319.22,15655302483
2025-10-28,恒生指数,26346.14063,26508.75,26519.24,26245.33,14842244497
2025-10-30,恒生指数,26282.68945,26545.92,26588.89,26138.79,20319637606
2025-10-31,恒生指数,25906.65039,26263.01,26283.96,25906.65,16338606255
2025-11-03,恒生指数,26158.35938,25999.17,26217.12,25920.27,15558330043
2025-11-04,恒生指数,25952.40039,26148.07,26291.65,25911.79,16323946687
2025-11-05,恒生指数,25935.41016,25701.63,25980.9,25496.13,15570956208
2025-11-06,恒生指数,26485.90039,26061.58,26490.71,26061.58,17638462407
2025-11-07,恒生指数,26241.83008,26350.74,26371.46,26167.23,18379754730
2025-11-10,恒生指数,26649.05859,26319.4,26668.89,26302.93,16362077948
2025-11-11,恒生指数,26696.41016,26748.09,26788.43,26511.25,13808450617
2025-11-12,恒生指数,26922.73047,26754.93,27016.4,26739.09,17703096000
2025-11-13,恒生指数,27073.03125,26779.48,27188.81,26733.21,15359926602
2025-11-14,恒生指数,26572.46094,26660.31,26881.88,26535.42,15066985982
2025-11-17,恒生指数,26384.2793,26441.7,26531.8,26252.36,14324346450
2025-11-18,恒生指数,25930.03125,26172.27,26188.82,25821.84,16728937636
2025-11-19,恒生指数,25830.65039,25954.23,26045.37,25742.07,12857730564
2025-11-20,恒生指数,25835.57031,25999.78,26046.76,25692.13,14156864834
2025-11-21,恒生指数,25220.01953,25460.42,25483.67,25178.63,17046510159
2025-11-24,恒生指数,25716.5,25452.87,25770.45,25369.29,21498774530
2025-11-25,恒生指数,25894.55078,25948.9,26069.22,25740.54,13166291974
2025-11-26,恒生指数,25928.08008,26046.74,26136.27,25907.06,12475283411
2025-11-27,恒生指数,25945.92969,25945.54,26123.69,25822.66,11169131099
2025-11-28,恒生指数,25858.88867,26011.06,26011.06,25807.55,10624554917
2025-12-01,恒生指数,26033.26172,25945.87,26179.72,25913.98,11565443112
2025-12-02,恒生指数,26095.04883,26188.55,26264.13,25989.45,12424345219
2025-12-03,恒生指数,25760.73047,25980.89,25996.88,25724.82,11813618124
2025-12-04,恒生指数,25935.90039,25804.01,25990.73,25649.3,11912396836
2025-12-05,恒生指数,26085.08008,25833.11,26131.61,25758.17,13398941480
2025-12-08,恒生指数,25765.35938,26067.86,26151.46,25755.01,13150180423
2025-12-09,恒生指数,25434.23047,25780.97,25820.31,25386.58,15848894791
2025-12-10,恒生指数,25540.78125,25435.49,25540.78,25257.61,15988922446
2025-12-11,恒生指数,25530.50977,25710.61,25801.34,25471.5,14791258618
2025-12-12,恒生指数,25976.79102,25761.41,26006.47,25697.43,17163758236
2025-12-15,恒生指数,25628.88086,25718.14,25824.44,25609.28,12932946286
2025-12-16,恒生指数,25235.41016,25547.92,25547.92,25086.54,14238656447
2025-12-17,恒生指数,25468.78125,25243.59,25494.94,25168.19,11973461779
2025-12-18,恒生指数,25498.12891,25330.83,25511.84,25261.38,11738505647
2025-12-19,恒生指数,25690.5293,25634.22,25747.01,25545.92,14555225724
2025-12-22,恒生指数,25801.76953,25795.94,25859.61,25671.33,12190924620
2025-12-23,恒生指数,25774.14063,25875.85,25927.66,25726.45,10802422695
2025-12-24,恒生指数,25818.92969,25780.09,25890.87,25772.87,6314625196
2025-12-29,恒生指数,25635.23047,25928.89,26082.94,25630.75,14786199749
2025-12-30,恒生指数,25854.59961,25636.4,25930.22,25611.23,13356802867
2025-12-31,恒生指数,25630.54102,25801.49,25808.52,25554.31,8547101689
2026-01-02,恒生指数,26338.4707,25717.42,26345.63,25717.42,7257965159
2026-01-05,恒生指数,26347.24,26361.44,26445.5,26256.0,16248474147
2026-01-06,恒生指数,26710.44922,26502.4,26858.13,26498.36,17893535398
2026-01-07,恒生指数,26458.95117,26601.83,26616.94,26313.51,15733003072
2026-01-08,恒生指数,26149.31055,26302.78,26305.69,25960.34,15013651673
2026-01-09,恒生指数,26231.79102,26272.54,26299.32,26114.41,15860518789
2026-01-12,恒生指数,26608.48047,26376.84,26608.48,26187.76,20669717915
2026-01-13,恒生指数,26848.4707,26958.52,27143.66,26729.54,22094064401
2026-01-14,恒生指数,26999.81055,26971.97,27097.72,26780.27,25236312049
2026-01-15,恒生指数,26923.61914,26972.36,27206.84,26808.35,25796599774
2026-01-16,恒生指数,26844.96094,27094.85,27176.31,26741.54,19385901173
2026-01-19,恒生指数,26563.90039,26641.6,26715.58,26533.67,17841013183
2026-01-20,恒生指数,26487.50977,26544.9,26638.55,26363.86,16500707447
2026-01-21,恒生指数,26585.05859,26397.04,26692.78,26397.04,17511292393
2026-01-22,恒生指数,26629.96094,26750.51,26779.22,26499.14,16156117855
2026-01-23,恒生指数,26749.50977,26861.36,26895.94,26689.73,18308042301
2026-01-26,恒生指数,26765.51953,26844.04,26911.44,26619.83,18342553411
2026-01-27,恒生指数,27126.95117,26863.15,27188.9,26829.71,16863721911
2026-01-28,恒生指数,27826.9082,27325.89,27826.91,27258.1,21081645934
2026-01-29,恒生指数,27968.08984,27627.11,28056.1,27611.9,30364031817
2026-01-30,恒生指数,27387.11133,27785.98,27887.24,27384.02,20524614446
2026-02-02,恒生指数,26775.57031,27097.34,27100.09,26507.62,20899429767
2026-02-03,恒生指数,26834.76953,26995.76,27126.48,26431.8,16563441649
2026-02-04,恒生指数,26847.32227,26797.05,27004.22,26593.18,18144636654
2026-02-05,恒生指数,26885.24219,26627.95,26919.39,26410.77,18058842294
2026-02-06,恒生指数,26559.95117,26354.34,26710.34,26295.03,14232372714
2026-02-09,恒生指数,27027.16211,26982.49,27111.54,26879.1,14822645874
2026-02-10,恒生指数,27183.14844,27202.96,27397.65,27104.82,14013962031
2026-02-11,恒生指数,27266.38086,27246.18,27325.98,27133.77,15057042824
2026-02-12,恒生指数,27032.54102,27210.56,27215.63,26932.56,15245441407
2026-02-13,恒生指数,26567.11914,26640.16,26774.44,26444.46,13528726095
2026-02-16,恒生指数,26705.93945,26501.2,26734.41,26382.41,4748942327
2026-02-20,恒生指数,26413.34961,26657.84,26694.34,26356.96,7627207140
2026-02-23,恒生指数,27081.91016,26798.97,27156.28,26798.97,9571876078
2026-02-24,恒生指数,26590.32031,26913.68,26913.68,26480.86,15781184027
2026-02-25,恒生指数,26765.7207,26745.2,26870.03,26632.53,15763045008
2026-02-26,恒生指数,26381.02148,27019.74,27024.07,26373.01,15350734248
2026-02-27,恒生指数,26630.54102,26447.05,26701.5,26375.7,20765623864
2026-03-02,恒生指数,26059.84961,26305.58,26403.85,25882.95,25442003511
2026-03-03,恒生指数,25768.08008,26190.24,26218.93,25727.0,42523271826
2026-03-04,恒生指数,25249.48047,25469.34,25470.05,24958.43,30710878071
2026-03-05,恒生指数,25321.33984,25583.65,25736.6,25236.68,24183286011
2026-03-06,恒生指数,25757.28906,25358.56,25806.72,25267.63,19077360173
2026-03-09,恒生指数,25408.46094,25075.74,25442.62,24906.0,24381473405
2026-03-10,恒生指数,25959.90039,25740.29,25959.9,25611.79,16875780111
2026-03-11,恒生指数,25898.75977,26112.08,26149.64,25819.1,15387699139
2026-03-12,恒生指数,25716.75977,25719.47,25932.58,25521.15,18231683432
2026-03-13,恒生指数,25465.59961,25583.55,25697.17,25419.87,19139018827
2026-03-16,恒生指数,25834.01953,25436.27,25856.73,25317.81,15903513108
2026-03-17,恒生指数,25868.54102,25938.43,26250.14,25844.95,16021145450
2026-03-18,恒生指数,26025.41992,25923.03,26117.95,25791.82,15086716097
2026-03-19,恒生指数,25500.58008,25550.56,25737.83,25449.06,16583854489
2026-03-20,恒生指数,25277.32031,25337.28,25563.88,25121.46,19856436648
2026-03-23,恒生指数,24382.4707,24789.14,24789.14,24203.54,21936140418
2026-03-24,恒生指数,25063.71094,24759.82,25077.09,24555.5,15812110488
2026-03-25,恒生指数,25335.95117,25280.52,25390.3,25015.2,17872744717
2026-03-26,恒生指数,24856.42969,25267.16,25278.03,24793.1,15261361778
2026-03-27,恒生指数,24951.88086,24768.66,25095.57,24712.92,13658749814
2026-03-30,恒生指数,24750.79102,24532.85,24811.86,24409.57,16637809388
2026-03-31,恒生指数,24788.14063,24818.2,24988.53,24559.57,17317277837
2026-04-01,恒生指数,25294.03125,25357.23,25429.76,25203.69,16615198485
2026-04-02,恒生指数,25116.5293,25254.49,25254.49,24901.77,16062937142
2026-04-08,恒生指数,25893.02148,25772.56,25934.18,25668.67,19237285563
2026-04-09,恒生指数,25752.40039,25756.41,25854.8,25653.63,12776797276
2026-04-10,恒生指数,25893.53906,25891.88,26073.97,25843.65,15442652483
2026-04-13,恒生指数,25660.84961,25708.64,25717.38,25508.53,13207764546
2026-04-14,恒生指数,25872.32031,25929.4,25995.09,25668.53,14847388755
2026-04-15,恒生指数,25947.32031,26168.25,26216.58,25947.32,13877377504
2026-04-16,恒生指数,26394.25977,26122.8,26403.07,26122.8,13425054215
2026-04-17,恒生指数,26160.33008,26210.97,26280.96,26015.44,13463227727
2026-04-20,恒生指数,26361.07031,26204.61,26411.69,26094.64,13147905682
2026-04-21,恒生指数,26487.48047,26442.29,26529.49,26342.02,11348327155
2026-04-22,恒生指数,26163.24023,26303.6,26303.6,26073.45,12657280359
2026-04-23,恒生指数,25915.19922,26098.81,26115.07,25840.55,13093280970
2026-04-24,恒生指数,25978.07031,25733.61,26004.59,25639.26,12163929641
2026-04-27,恒生指数,25925.65039,25976.97,26086.02,25858.24,12018262196
2026-04-28,恒生指数,25679.7793,25814.37,25896.66,25609.61,12910285400
2026-04-29,恒生指数,26111.83984,25842.63,26132.94,25811.46,13972773456
2026-04-30,恒生指数,25776.5293,26008.32,26072.24,25734.16,16811064518
2026-05-04,恒生指数,26095.88086,26138.34,26326.44,26091.86,8664118446
2026-05-05,恒生指数,25898.60938,25945.75,25945.75,25690.36,7032532034
2026-05-06,恒生指数,26213.7793,26029.65,26213.78,25877.82,15616405247
2026-05-07,恒生指数,26626.2793,26531.35,26669.26,26518.79,16066720075
2026-05-08,恒生指数,26393.71094,26359.79,26470.49,26274.8,14412275556
2026-05-11,恒生指数,26406.83984,26310.87,26427.14,26219.26,17008777512
2026-05-12,恒生指数,26347.91016,26497.03,26592.37,26328.84,14056159555
2026-05-13,恒生指数,26388.43945,26369.99,26458.9,26220.12,15251551813
2026-05-14,恒生指数,26389.03906,26836.66,26844.8,26366.86,15643955983
2026-05-15,恒生指数,25962.73047,26391.02,26391.02,25847.15,19830055956
2026-05-18,恒生指数,25675.18164,25838.96,25838.96,25505.71,21878681948
2026-05-19,恒生指数,25797.84961,25693.37,25845.46,25671.12,16084792635
2026-05-20,恒生指数,25651.11914,25709.62,25713.53,25555.06,16796349960
2026-05-21,恒生指数,25386.51953,25833.24,25833.71,25341.73,22045357731
2026-05-22,恒生指数,25606.03125,25641.8,25732.36,25483.24,16270821464
2026-05-26,恒生指数,25599.44922,25622.36,25768.38,25431.17,18887920607
2026-05-27,恒生指数,25328.23047,25608.78,25638.41,25258.03,17841424920
2026-05-28,恒生指数,25006.16016,25230.58,25230.58,24727.26,20540793132
2026-05-29,恒生指数,25182.39063,25161.52,25313.33,25055.8,29729078596
2026-06-01,恒生指数,25398.17969,25180.05,25486.76,25174.3,17996122907
2026-06-02,恒生指数,26038.32031,25395.07,26045.07,25394.64,16674301294
2026-06-03,恒生指数,25633.20898,25953.01,25953.01,25569.45,16113308835
2026-06-04,恒生指数,25253.40039,25465.3,25499.09,25188.02,14756398387
2026-06-05,恒生指数,24961.95117,25186.12,25216.18,24928.14,16958798691
2026-06-08,恒生指数,24657.05859,24582.91,24837.98,24458.54,18071003480
2026-06-09,恒生指数,24565.90039,24551.93,24740.65,24486.39,15346320780
2026-06-10,恒生指数,24407.96094,24442.52,24505.96,24207.03,17536732165
2026-06-11,恒生指数,24249.28906,24380.02,24492.71,23999.67,17057260268
2026-06-12,恒生指数,24718.09961,24501.5,24771.61,24445.51,17866797045
2026-06-15,恒生指数,24842.66992,25001.42,25047.9,24796.3,15061055508
2026-06-16,恒生指数,24493.95117,24826.19,24844.98,24378.69,13803207369
2026-06-17,恒生指数,24312.16016,24495.85,24560.19,24254.07,14074201879
2026-06-18,恒生指数,23924.81055,24145.19,24163.25,23749.99,19908255499
2026-06-22,恒生指数,23768.51953,23811.76,23863.71,23444.86,18311966646
2026-06-23,恒生指数,23336.2793,23800.02,23825.81,23252.13,16298467931
2026-06-24,恒生指数,23412.17969,23420.7,23565.65,23248.87,14519049306
2026-06-25,恒生指数,23076.91016,23388.5,23388.5,22978.59,17606406239
2026-06-26,恒生指数,22671.85938,22952.09,22962.46,22518.0,18476196242
2026-06-29,恒生指数,23026.67969,22827.65,23183.17,22783.64,16299333783
2026-06-30,恒生指数,22881.02148,23007.87,23086.85,22685.14,19595058493
2026-07-02,恒生指数,23055.03125,23071.43,23335.92,22953.7,17564654545
2026-07-03,恒生指数,23350.03125,23240.85,23516.7,23226.2,15191011416
2026-07-06,恒生指数,23616.32031,23404.61,23686.56,23229.38,13726222083
2026-07-07,恒生指数,23496.88867,23568.49,23820.92,23398.27,13678374782
2026-07-08,恒生指数,24199.45898,23541.22,24310.92,23541.22,14881699632
2026-07-09,恒生指数,24030.17969,24181.34,24353.76,23917.32,13477467387
2026-07-10,恒生指数,24175.11914,24213.44,24499.63,24064.62,14522501702
2026-07-13,恒生指数,24213.7207,24157.65,24449.77,24095.73,13221584041
2026-07-14,恒生指数,24340.73047,24181.52,24436.58,23902.05,15063731689
2026-07-15,恒生指数,24681.10156,24551.34,24774.84,24449.53,13491923494
2024-07-16,恒生科技,3622.84009,3626.02,3641.16,3600.35,632433023
2024-07-17,恒生科技,3640.87988,3638.92,3678.67,3617.08,693086696
2024-07-18,恒生科技,3613.12988,3598.75,3640.12,3571.76,677368263
2024-07-19,恒生科技,3536.54004,3571.22,3589.28,3527.52,671780665
2024-07-22,恒生科技,3610.70996,3550.52,3625.8,3532.28,1156092576
2024-07-23,恒生科技,3545.09009,3634.67,3639.61,3537.28,766397578
2024-07-24,恒生科技,3491.19995,3539.9,3561.64,3469.42,861401214
2024-07-25,恒生科技,3421.26001,3461.91,3467.24,3408.05,795011685
2024-07-26,恒生科技,3443.72998,3443.65,3476.47,3410.75,766359374
2024-07-29,恒生科技,3466.6001,3491.95,3509.46,3455.01,624516592
2024-07-30,恒生科技,3414.04004,3464.69,3464.69,3401.82,638660943
2024-07-31,恒生科技,3516.87012,3419.78,3535.14,3411.49,881833628
2024-08-01,恒生科技,3476.58008,3503.51,3518.85,3461.8,567181213
2024-08-02,恒生科技,3385.6001,3417.5,3435.91,3356.8,725680810
2024-08-05,恒生科技,3339.41992,3333.7,3426.32,3272.06,1258148092
2024-08-06,恒生科技,3342.52002,3392.21,3409.6,3322.3,747406788
2024-08-07,恒生科技,3382.41992,3361.6,3419.36,3346.18,592746010
2024-08-08,恒生科技,3366.67993,3346.91,3422.3,3317.85,571791989
2024-08-09,恒生科技,3436.80005,3436.69,3483.23,3429.05,673290644
2024-08-12,恒生科技,3429.84009,3438.01,3448.67,3392.7,438050071
2024-08-13,恒生科技,3429.68994,3428.85,3453.13,3399.01,491452422
2024-08-14,恒生科技,3395.69995,3447.65,3453.13,3384.28,454492886
2024-08-15,恒生科技,3384.37988,3371.9,3434.14,3347.21,837960349
2024-08-16,恒生科技,3459.09009,3437.54,3469.42,3416.76,712780123
2024-08-19,恒生科技,3517.09009,3516.36,3563.68,3511.14,770929714
2024-08-20,恒生科技,3498.08008,3556.74,3556.74,3484.92,598516697
2024-08-21,恒生科技,3434.38989,3401.96,3437.84,3378.65,732107205
2024-08-22,恒生科技,3508.61011,3490.29,3513.66,3436.98,1008678828
2024-08-23,恒生科技,3468.93994,3451.18,3474.96,3435.28,589416748
2024-08-26,恒生科技,3502.95996,3490.43,3522.48,3479.4,754561656
2024-08-27,恒生科技,3501.29004,3455.61,3501.7,3438.76,682990860
2024-08-28,恒生科技,3445.45996,3478.9,3488.3,3425.73,763964353
2024-08-29,恒生科技,3461.21997,3388.7,3467.11,3365.47,1035957031
2024-08-30,恒生科技,3560.61011,3476.13,3614.68,3470.22,1248204405
2024-09-02,恒生科技,3486.3999,3539.86,3539.86,3477.95,586142970
2024-09-03,恒生科技,3496.48999,3486.02,3534.69,3472.02,431856922
2024-09-04,恒生科技,3482.84009,3467.45,3496.4,3439.94,624664211
2024-09-05,恒生科技,3487.80005,3479.47,3505.65,3461.11,552836761
2024-09-09,恒生科技,3436.75,3450.98,3454.45,3410.82,1040330319
2024-09-10,恒生科技,3450.72998,3448.75,3467.59,3403.55,845017184
2024-09-11,恒生科技,3450.91992,3416.76,3457.0,3416.76,785402413
2024-09-12,恒生科技,3475.25,3479.79,3508.06,3473.66,541619640
2024-09-13,恒生科技,3479.80005,3477.38,3528.77,3475.52,518250630
2024-09-16,恒生科技,3497.44995,3454.69,3497.45,3422.82,284239155
2024-09-17,恒生科技,3536.57007,3482.67,3545.31,3472.9,383087597
2024-09-19,恒生科技,3651.56006,3539.08,3669.72,3528.21,999350962
2024-09-20,恒生科技,3703.84009,3649.32,3744.31,3638.47,1860915931
2024-09-23,恒生科技,3698.27002,3699.23,3761.17,3688.69,937453265
2024-09-24,恒生科技,3915.58008,3785.98,3916.69,3755.15,1491811321
2024-09-25,恒生科技,3924.44995,4063.51,4063.51,3907.06,1984494435
2024-09-26,恒生科技,4209.70996,3983.38,4222.65,3964.86,3036821200
2024-09-27,恒生科技,4453.24023,4340.07,4516.58,4308.47,4001197251
2024-09-30,恒生科技,4751.81006,4648.26,4841.82,4539.56,5969949943
2024-10-02,恒生科技,5157.08008,4840.08,5252.53,4840.08,3505558719
2024-10-03,恒生科技,4978.64014,5117.37,5118.05,4773.13,2483540099
2024-10-04,恒生科技,5227.12988,4941.96,5233.98,4885.22,3432020028
2024-10-07,恒生科技,5386.47998,5298.43,5451.53,5236.09,2752433793
2024-10-08,恒生科技,4695.81006,5293.05,5293.05,4611.45,5920658498
2024-10-09,恒生科技,4640.75,4819.86,4908.88,4502.93,4827402981
2024-10-10,恒生科技,4736.1001,4772.82,4862.17,4675.69,2457389276
2024-10-14,恒生科技,4668.18018,4702.61,4723.73,4512.14,2293218090
2024-10-15,恒生科技,4450.9502,4654.12,4682.83,4405.29,2319163506
2024-10-16,恒生科技,4402.37012,4391.14,4482.95,4368.95,1469885768
2024-10-17,恒生科技,4349.77002,4449.39,4547.31,4319.17,1769080176
2024-10-18,恒生科技,4600.8501,4337.24,4661.64,4329.92,2820812077
2024-10-21,恒生科技,4491.8999,4580.65,4637.44,4483.22,2246861046
2024-10-22,恒生科技,4521.62988,4508.46,4565.24,4476.88,1296186915
2024-10-23,恒生科技,4605.62012,4527.01,4669.85,4506.28,1640237602
2024-10-24,恒生科技,4483.99023,4543.32,4570.36,4473.35,1504694048
2024-10-25,恒生科技,4538.02979,4492.6,4593.12,4492.6,1395665315
2024-10-28,恒生科技,4574.06982,4563.74,4601.07,4516.73,961931860
2024-10-29,恒生科技,4623.83984,4648.47,4701.0,4601.52,1225488142
2024-10-30,恒生科技,4513.68018,4581.18,4610.33,4491.61,1190037014
2024-10-31,恒生科技,4499.1499,4527.34,4578.4,4499.15,1014844986
2024-11-01,恒生科技,4483.91016,4504.48,4548.66,4454.93,1137428542
2024-11-04,恒生科技,4532.18018,4512.24,4554.36,4501.09,783044140
2024-11-05,恒生科技,4693.8501,4486.17,4694.48,4486.17,1528360476
2024-11-06,恒生科技,4574.5,4646.37,4667.9,4525.36,1590266435
2024-11-07,恒生科技,4677.64014,4532.54,4687.5,4508.4,1600120832
2024-11-08,恒生科技,4668.25977,4786.41,4838.38,4658.69,1797151010
2024-11-11,恒生科技,4651.70996,4524.49,4670.15,4524.49,1670163347
2024-11-12,恒生科技,4456.85986,4627.54,4680.41,4442.54,1752323713
2024-11-13,恒生科技,4455.66992,4393.88,4461.15,4363.62,1085269483
2024-11-14,恒生科技,4318.31982,4388.38,4463.34,4294.34,1445230830
2024-11-15,恒生科技,4327.83984,4322.0,4394.32,4288.01,1114380653
2024-11-18,恒生科技,4341.52979,4379.19,4405.57,4318.19,1076776493
2024-11-19,恒生科技,4395.04004,4381.92,4413.08,4341.87,896460641
2024-11-20,恒生科技,4413.08008,4372.37,4436.01,4364.57,911448033
2024-11-21,恒生科技,4358.1499,4393.04,4417.09,4347.05,875057691
2024-11-22,恒生科技,4246.2002,4366.18,4400.54,4226.58,1700194248
2024-11-25,恒生科技,4235.31006,4275.4,4287.7,4195.27,1372129463
2024-11-26,恒生科技,4221.99023,4203.9,4265.98,4203.9,1108966913
2024-11-27,恒生科技,4374.43994,4233.08,4394.02,4188.74,997986746
2024-11-28,恒生科技,4307.75,4379.81,4379.81,4301.36,675453009
2024-11-29,恒生科技,4353.54981,4309.31,4431.75,4304.34,911817521
2024-12-02,恒生科技,4405.9502,4355.64,4425.39,4343.37,965037868
2024-12-03,恒生科技,4417.99023,4413.91,4433.95,4342.7,914794648
2024-12-04,恒生科技,4404.04004,4428.08,4444.9,4381.72,894520489
2024-12-05,恒生科技,4370.22022,4366.96,4388.43,4347.1,967404434
2024-12-06,恒生科技,4464.6499,4387.48,4472.69,4352.64,2740000685
2024-12-09,恒生科技,4656.79981,4429.05,4664.33,4416.38,2949112029
2024-12-10,恒生科技,4591.93994,4854.34,4854.34,4588.16,3102760823
2024-12-11,恒生科技,4531.58008,4613.12,4646.55,4511.77,1876335233
2024-12-12,恒生科技,4600.81982,4551.33,4659.95,4521.73,1439362814
2024-12-13,恒生科技,4479.6001,4554.23,4567.79,4458.21,1570407185
2024-12-16,恒生科技,4414.7002,4480.32,4503.39,4391.73,1187710743
2024-12-17,恒生科技,4389.08008,4387.62,4472.97,4360.96,906916118
2024-12-18,恒生科技,4468.8501,4453.89,4489.4,4432.4,692230838
2024-12-19,恒生科技,4439.47022,4393.09,4469.47,4388.02,1460365992
2024-12-20,恒生科技,4444.18994,4432.72,4487.66,4429.6,1601038877
2024-12-23,恒生科技,4457.8501,4481.46,4497.18,4437.59,1024561449
2024-12-24,恒生科技,4507.6499,4468.71,4528.57,4459.54,584771222
2024-12-27,恒生科技,4538.58984,4524.99,4578.15,4517.96,1823675104
2024-12-30,恒生科技,4500.6001,4546.01,4557.06,4484.78,1144716868
2024-12-31,恒生科技,4468.10986,4484.54,4507.55,4468.11,556975267
2025-01-02,恒生科技,4357.52979,4436.74,4447.02,4347.09,1253285868
2025-01-03,恒生科技,4403.12012,4383.53,4453.29,4337.98,1765146595
2025-01-06,恒生科技,4395.08008,4432.58,4447.96,4377.26,928974174
2025-01-07,恒生科技,4354.79981,4352.61,4403.19,4275.81,1898351644
2025-01-08,恒生科技,4307.3999,4351.86,4371.32,4252.04,1147257958
2025-01-09,恒生科技,4311.54004,4304.76,4367.61,4296.09,943911443
2025-01-10,恒生科技,4260.81982,4335.01,4360.09,4251.77,1140886422
2025-01-13,恒生科技,4221.91992,4222.99,4238.0,4168.04,879562738
2025-01-14,恒生科技,4352.04004,4227.99,4380.41,4227.43,1197414268
2025-01-15,恒生科技,4363.79004,4329.76,4387.1,4315.24,1003886989
2025-01-16,恒生科技,4417.37012,4423.63,4489.47,4361.22,1149065639
2025-01-17,恒生科技,4479.18994,4410.14,4492.85,4392.29,984514665
2025-01-20,恒生科技,4595.2002,4554.6,4638.85,4542.63,1262940224
2025-01-21,恒生科技,4693.72022,4650.62,4722.07,4608.0,1237320220
2025-01-22,恒生科技,4581.08984,4644.5,4669.78,4560.61,1027380584
2025-01-23,恒生科技,4515.47998,4615.0,4659.78,4496.56,1125798538
2025-01-24,恒生科技,4657.60986,4545.34,4675.81,4538.72,1721607958
2025-01-27,恒生科技,4687.33984,4706.36,4751.66,4667.56,3182211960
2025-01-28,恒生科技,4723.62988,4723.61,4731.86,4678.52,592611497
2025-02-03,恒生科技,4737.45996,4699.47,4741.5,4572.6,1462477857
2025-02-04,恒生科技,4977.37988,4828.96,4981.91,4821.49,2143239795
2025-02-05,恒生科技,4930.2002,4975.78,4975.78,4845.33,2271436639
2025-02-06,恒生科技,5059.37988,4926.54,5059.38,4918.92,2386361591
2025-02-07,恒生科技,5150.3501,5051.92,5203.93,5038.31,3174675744
2025-02-10,恒生科技,5286.66016,5187.88,5296.22,5187.11,2958291315
2025-02-11,恒生科技,5142.31006,5307.29,5307.29,5133.62,2667491892
2025-02-12,恒生科技,5281.18018,5214.32,5281.72,5155.0,2765041382
2025-02-13,恒生科技,5235.27979,5321.63,5503.4,5201.34,5465048868
2025-02-14,恒生科技,5526.22022,5310.37,5526.22,5300.01,5307494052
2025-02-17,恒生科技,5499.25977,5599.12,5656.44,5394.26,5201354946
2025-02-18,恒生科技,5639.04981,5519.19,5696.46,5494.27,3999394881
2025-02-19,恒生科技,5672.24023,5576.09,5676.37,5510.92,3005219628
2025-02-20,恒生科技,5500.02002,5610.81,5652.08,5466.24,3080164224
2025-02-21,恒生科技,5859.29981,5684.94,5859.3,5605.26,4741190569
2025-02-24,恒生科技,5789.52002,5864.55,5904.3,5740.13,3705762221
2025-02-25,恒生科技,5698.81982,5540.42,5814.7,5537.54,3270043056
2025-02-26,恒生科技,5953.79004,5763.62,6023.79,5760.25,2686913313
2025-02-27,恒生科技,5881.00977,5963.87,6085.13,5764.73,3467494189
2025-02-28,恒生科技,5568.14014,5862.98,5862.98,5511.45,4077376901
2025-03-03,恒生科技,5535.85986,5631.89,5701.09,5460.6,2345269463
2025-03-04,恒生科技,5535.64014,5400.15,5590.14,5358.76,1878904540
2025-03-05,恒生科技,5757.93994,5618.34,5770.8,5565.54,2411225739
2025-03-06,恒生科技,6068.77002,5919.53,6090.37,5919.53,3293252665
2025-03-07,恒生科技,6037.43994,6003.72,6195.4,5952.52,3248116728
2025-03-10,恒生科技,5885.49023,6016.34,6076.28,5819.12,2557168688
2025-03-11,恒生科技,5967.22998,5728.87,5991.32,5715.54,1847905895
2025-03-12,恒生科技,5845.35986,6032.27,6075.31,5756.07,1902651836
2025-03-13,恒生科技,5747.77002,5867.63,5881.64,5644.68,1739887384
2025-03-14,恒生科技,5880.77979,5826.21,5920.03,5714.6,1521231008
2025-03-17,恒生科技,5872.81006,5920.63,5943.6,5822.02,1322633081
2025-03-18,恒生科技,6105.5,6038.3,6105.5,5980.77,1758622218
2025-03-19,恒生科技,6041.18994,6043.94,6096.9,5979.49,2007895401
2025-03-20,恒生科技,5836.27979,6031.56,6031.56,5822.74,1720294767
2025-03-21,恒生科技,5639.56006,5799.08,5854.78,5614.56,2236269328
2025-03-24,恒生科技,5736.83008,5664.86,5762.83,5596.2,1608684561
2025-03-25,恒生科技,5517.52002,5638.72,5671.59,5502.48,2552629939
2025-03-26,恒生科技,5573.04004,5537.45,5606.98,5522.89,1085541531
2025-03-27,恒生科技,5589.12012,5588.57,5706.34,5495.53,2800094898
2025-03-28,恒生科技,5506.47022,5605.34,5649.15,5455.21,1523747028
2025-03-31,恒生科技,5394.72022,5439.5,5470.53,5335.85,1639353527
2025-04-01,恒生科技,5407.37988,5441.99,5517.76,5395.9,1760445722
2025-04-02,恒生科技,5426.43994,5398.7,5506.56,5359.83,1628038367
2025-04-03,恒生科技,5313.25977,5257.91,5371.54,5250.64,2030324533
2025-04-07,恒生科技,4401.50977,4721.03,4840.03,4363.55,7622567410
2025-04-08,恒生科技,4568.37988,4547.38,4664.7,4415.76,3588145910
2025-04-09,恒生科技,4689.18994,4373.62,4753.49,4296.16,3423736967
2025-04-10,恒生科技,4813.74023,4875.02,4998.49,4765.5,3395191195
2025-04-11,恒生科技,4900.43018,4787.95,4987.08,4746.34,2179568766
2025-04-14,恒生科技,5015.12012,5053.59,5077.88,4977.77,2129524528
2025-04-15,恒生科技,4981.6001,5057.81,5057.81,4916.57,1158358858
2025-04-16,恒生科技,4796.27979,4908.68,4919.26,4735.35,1587284462
2025-04-17,恒生科技,4887.37012,4790.56,4910.57,4774.46,1214945147
2025-04-22,恒生科技,4899.20996,4854.75,4919.74,4792.59,1373960760
2025-04-23,恒生科技,5049.3999,5070.75,5079.37,4978.5,1915128708
2025-04-24,恒生科技,4975.89014,5045.2,5064.65,4921.53,3696047476
2025-04-25,恒生科技,4982.95996,5037.91,5082.97,4965.75,1508111884
2025-04-28,恒生科技,4988.93994,5011.61,5016.25,4954.49,891757496
2025-04-29,恒生科技,5019.72998,5022.3,5089.21,4976.68,1295601956
2025-04-30,恒生科技,5087.41992,5030.08,5091.46,4995.41,1432040276
2025-05-02,恒生科技,5244.06006,5112.09,5264.91,5079.01,1144051885
2025-05-06,恒生科技,5239.5,5243.06,5269.04,5179.01,1400687963
2025-05-07,恒生科技,5200.04004,5382.09,5396.54,5198.63,1436652051
2025-05-08,恒生科技,5228.91016,5185.7,5293.57,5175.0,1046887004
2025-05-09,恒生科技,5180.25,5225.6,5225.6,5117.57,1036304114
2025-05-12,恒生科技,5447.3501,5291.67,5500.89,5215.13,2274112264
2025-05-13,恒生科技,5269.66016,5431.61,5431.61,5253.63,1663848553
2025-05-14,恒生科技,5381.77979,5352.68,5396.46,5319.53,1193277649
2025-05-15,恒生科技,5297.83984,5374.16,5398.95,5274.39,1083920456
2025-05-16,恒生科技,5281.33984,5247.34,5299.16,5235.53,1333162036
2025-05-19,恒生科技,5255.06006,5227.54,5282.03,5162.83,1250406863
2025-05-20,恒生科技,5315.56006,5266.61,5337.21,5243.02,1229961001
2025-05-21,恒生科技,5342.41016,5330.25,5373.36,5317.53,1057507747
2025-05-22,恒生科技,5251.75,5336.47,5344.69,5224.25,1340978148
2025-05-23,恒生科技,5246.87012,5255.49,5310.47,5217.21,1235792836
2025-05-26,恒生科技,5157.6499,5229.96,5233.97,5138.85,1590555454
2025-05-27,恒生科技,5182.6001,5130.9,5192.2,5102.18,1281247690
2025-05-28,恒生科技,5174.64014,5209.46,5218.62,5145.35,1593368528
2025-05-29,恒生科技,5301.91992,5177.62,5320.36,5161.15,1692703040
2025-05-30,恒生科技,5170.43018,5234.93,5235.13,5145.07,1595035024
2025-06-02,恒生科技,5134.10986,5101.67,5137.06,5009.66,857200992
2025-06-03,恒生科技,5189.49023,5162.05,5215.65,5154.64,1057772402
2025-06-04,恒生科技,5219.02002,5171.78,5249.97,5170.12,1205009696
2025-06-05,恒生科技,5319.95996,5269.58,5321.98,5251.68,1430875738
2025-06-06,恒生科技,5286.52002,5327.04,5327.04,5245.45,2040631992
2025-06-09,恒生科技,5433.22998,5337.75,5457.59,5335.82,1900476938
2025-06-10,恒生科技,5392.18994,5455.63,5455.63,5335.16,1410466735
2025-06-11,恒生科技,5451.2002,5403.96,5484.63,5399.42,1268230482
2025-06-12,恒生科技,5331.33008,5389.56,5405.4,5319.98,3362757647
2025-06-13,恒生科技,5239.70996,5280.57,5314.56,5192.45,2088439897
2025-06-16,恒生科技,5299.91016,5207.61,5328.2,5185.65,1608368247
2025-06-17,恒生科技,5291.8501,5314.09,5339.13,5258.11,1087202004
2025-06-18,恒生科技,5214.41016,5261.42,5261.42,5194.49,869081948
2025-06-19,恒生科技,5088.31982,5187.07,5196.76,5071.54,1196682232
2025-06-20,恒生科技,5133.14014,5103.67,5133.14,5089.6,1604597763
2025-06-23,恒生科技,5187.00977,5077.86,5189.03,5053.74,1089797650
2025-06-24,恒生科技,5297.95996,5236.95,5326.63,5236.95,1322600056
2025-06-25,恒生科技,5359.02002,5345.49,5393.06,5323.5,1389956645
2025-06-26,恒生科技,5345.16016,5331.29,5381.72,5306.8,1379500670
2025-06-27,恒生科技,5341.43018,5363.68,5393.99,5323.86,2235713550
2025-06-30,恒生科技,5302.81982,5351.99,5380.49,5297.63,1667355354
2025-07-02,恒生科技,5269.10986,5359.67,5362.18,5256.22,1324251637
2025-07-03,恒生科技,5233.70996,5277.1,5279.69,5192.12,1392051092
2025-07-04,恒生科技,5216.25977,5194.33,5277.86,5129.52,2307756211
2025-07-07,恒生科技,5229.56006,5192.47,5236.09,5157.28,1302034604
2025-07-08,恒生科技,5325.9502,5244.31,5328.53,5235.95,1330810440
2025-07-09,恒生科技,5231.99023,5300.65,5300.65,5217.75,1095571786
2025-07-10,恒生科技,5216.6001,5218.31,5240.13,5190.39,1229260571
2025-07-11,恒生科技,5248.47998,5202.21,5328.93,5202.21,2950135505
2025-07-14,恒生科技,5283.5,5240.48,5298.2,5226.63,1445250443
2025-07-15,恒生科技,5431.29004,5297.89,5435.94,5273.45,2071666417
2025-07-16,恒生科技,5418.3999,5479.44,5531.27,5414.91,2485316716
2025-07-17,恒生科技,5448.8501,5417.48,5471.47,5401.41,1573317846
2025-07-18,恒生科技,5538.83008,5520.07,5550.49,5473.54,1219229779
2025-07-21,恒生科技,5585.5,5604.06,5604.06,5537.83,1329164731
2025-07-22,恒生科技,5606.83008,5589.82,5613.47,5552.32,1377837427
2025-07-23,恒生科技,5745.74023,5675.95,5759.51,5624.91,1841383097
2025-07-24,恒生科技,5743.0,5730.8,5802.88,5729.35,3264988852
2025-07-25,恒生科技,5677.8999,5713.59,5713.59,5641.22,2422034370
2025-07-28,恒生科技,5664.02002,5699.07,5705.04,5639.12,2426244271
2025-07-29,恒生科技,5644.37988,5631.56,5649.42,5550.62,1818323205
2025-07-30,恒生科技,5490.75977,5540.85,5591.71,5466.0,1978305423
2025-07-31,恒生科技,5453.14014,5458.8,5519.44,5418.1,2608635334
2025-08-01,恒生科技,5397.3999,5447.96,5489.83,5397.4,1338912672
2025-08-04,恒生科技,5481.25,5361.98,5489.99,5350.7,1170864853
2025-08-05,恒生科技,5521.06982,5489.47,5521.07,5471.26,1441184924
2025-08-06,恒生科技,5532.16992,5503.81,5545.81,5478.02,1385216953
2025-08-07,恒生科技,5546.72998,5546.84,5571.93,5484.33,1540328553
2025-08-08,恒生科技,5460.29981,5500.85,5509.05,5449.73,1299010800
2025-08-11,恒生科技,5460.02002,5470.92,5477.51,5420.02,1139880391
2025-08-12,恒生科技,5439.16016,5427.81,5459.43,5397.85,1529789731
2025-08-13,恒生科技,5630.77979,5490.46,5630.78,5487.42,3293612182
2025-08-14,恒生科技,5576.02979,5669.47,5669.47,5557.74,2288795877
2025-08-15,恒生科技,5543.16992,5509.09,5546.76,5495.26,2220275943
2025-08-18,恒生科技,5579.18018,5565.54,5671.34,5565.54,3197222427
2025-08-19,恒生科技,5542.02979,5592.3,5594.97,5524.1,1719052504
2025-08-20,恒生科技,5541.27002,5500.58,5561.76,5468.33,1714310819
2025-08-21,恒生科技,5498.5,5539.65,5539.65,5469.66,1426474939
2025-08-22,恒生科技,5647.68018,5553.03,5649.62,5524.34,2865461361
2025-08-25,恒生科技,5825.08984,5731.7,5847.95,5731.7,3350833019
2025-08-26,恒生科技,5782.24023,5780.95,5853.85,5755.81,2697217236
2025-08-27,恒生科技,5697.52979,5814.33,5856.4,5679.11,7660569995
2025-08-28,恒生科技,5644.02002,5641.28,5675.84,5566.87,4710741835
2025-08-29,恒生科技,5674.31006,5689.24,5734.52,5628.2,4303905766
2025-09-01,恒生科技,5798.95996,5792.25,5820.39,5747.34,5085489235
2025-09-02,恒生科技,5728.45996,5792.84,5798.76,5690.81,3008517601
2025-09-03,恒生科技,5683.74023,5785.33,5799.78,5665.64,2061607792
2025-09-04,恒生科技,5578.85986,5725.64,5725.98,5553.61,3548964597
2025-09-05,恒生科技,5687.4502,5602.56,5709.74,5585.88,3140847339
2025-09-08,恒生科技,5753.75,5693.99,5766.43,5666.09,2583711768
2025-09-09,恒生科技,5828.74023,5786.76,5863.49,5768.89,2129553531
2025-09-10,恒生科技,5902.68994,5869.81,5957.48,5862.38,1986617815
2025-09-11,恒生科技,5888.77002,5845.38,5931.55,5805.07,3477088421
2025-09-12,恒生科技,5989.27002,6004.74,6042.61,5976.52,3204689216
2025-09-15,恒生科技,6043.60986,5982.4,6077.71,5972.97,2561664963
2025-09-16,恒生科技,6077.66016,6070.77,6116.9,6010.44,2025776081
2025-09-17,恒生科技,6334.24023,6133.1,6351.52,6133.1,5547840339
2025-09-18,恒生科技,6271.22022,6334.32,6461.04,6179.19,3986669864
2025-09-19,恒生科技,6294.41992,6298.91,6367.98,6228.73,3319578153
2025-09-22,恒生科技,6257.91016,6251.88,6284.5,6204.47,2070557806
2025-09-23,恒生科技,6167.06006,6271.36,6274.09,6093.39,2189016195
2025-09-24,恒生科技,6323.1499,6133.64,6331.86,6114.37,2193112146
2025-09-25,恒生科技,6379.18994,6314.74,6448.64,6304.56,3634377173
2025-09-26,恒生科技,6195.10986,6317.6,6357.43,6172.25,3722603452
2025-09-29,恒生科技,6324.25,6236.69,6338.74,6236.69,2432332915
2025-09-30,恒生科技,6465.66016,6345.96,6475.92,6326.61,2867590843
2025-10-02,恒生科技,6682.85986,6483.22,6715.46,6481.58,1614918261
2025-10-03,恒生科技,6622.8501,6653.26,6665.56,6561.09,841395975
2025-10-06,恒生科技,6550.29981,6548.8,6604.6,6508.43,841435354
2025-10-08,恒生科技,6514.18994,6543.4,6543.4,6405.16,1409642525
2025-10-09,恒生科技,6471.33984,6540.81,6605.73,6417.81,3137924433
2025-10-10,恒生科技,6259.75,6380.88,6380.88,6241.75,2415039625
2025-10-13,恒生科技,6145.50977,6107.65,6199.16,5952.83,6772350868
2025-10-14,恒生科技,5923.25977,6180.08,6205.98,5894.47,3014027618
2025-10-15,恒生科技,6075.27002,6000.9,6095.18,5939.48,2040530260
2025-10-16,恒生科技,6003.56006,6066.47,6094.72,5940.72,1603789197
2025-10-17,恒生科技,5760.37988,5999.48,5999.48,5732.75,2211640190
2025-10-20,恒生科技,5933.16992,5984.8,5984.8,5887.81,1291886686
2025-10-21,恒生科技,6007.93994,6042.07,6115.0,5999.0,1650345306
2025-10-22,恒生科技,5923.08984,5958.63,5979.51,5867.12,1143151096
2025-10-23,恒生科技,5951.4502,5882.92,5992.66,5818.47,1437963500
2025-10-24,恒生科技,6059.89014,6032.41,6066.36,5994.59,1822287326
2025-10-27,恒生科技,6171.08008,6184.65,6184.74,6098.81,1757598097
2025-10-28,恒生科技,6093.43994,6198.68,6198.68,6070.05,1483772713
2025-10-30,恒生科技,6051.75977,6125.63,6162.47,5991.08,2077839681
2025-10-31,恒生科技,5908.08008,6012.57,6014.49,5908.08,1426662390
2025-11-03,恒生科技,5922.47998,5936.28,5948.84,5855.16,1270829004
2025-11-04,恒生科技,5818.29004,5911.07,5961.02,5798.75,1447279459
2025-11-05,恒生科技,5785.8501,5716.54,5805.55,5651.15,1712005482
2025-11-06,恒生科技,5944.22022,5822.19,5955.13,5792.95,1331364189
2025-11-07,恒生科技,5837.35986,5894.98,5899.5,5817.64,1349645667
2025-11-10,恒生科技,5915.56006,5858.41,5924.48,5803.22,1176833821
2025-11-11,恒生科技,5924.39014,5962.02,5970.68,5856.72,1197694333
2025-11-12,恒生科技,5933.99023,5939.69,5973.6,5876.72,1384624166
2025-11-13,恒生科技,5981.29981,5885.22,6025.53,5869.96,1296665068
2025-11-14,恒生科技,5812.79981,5848.48,5907.94,5795.8,1225349076
2025-11-17,恒生科技,5756.87988,5771.51,5834.38,5721.83,1419522566
2025-11-18,恒生科技,5645.72998,5684.81,5739.13,5613.99,1728546618
2025-11-19,恒生科技,5606.8999,5666.89,5688.05,5579.31,1657095033
2025-11-20,恒生科技,5574.58984,5646.28,5660.53,5510.11,1496024021
2025-11-21,恒生科技,5395.49023,5451.51,5475.45,5361.74,2014331769
2025-11-24,恒生科技,5545.56006,5456.61,5565.53,5410.07,3001528273
2025-11-25,恒生科技,5612.02979,5624.61,5671.55,5559.13,1679860584
2025-11-26,恒生科技,5618.35986,5649.77,5669.58,5609.86,1369016804
2025-11-27,恒生科技,5598.04981,5613.0,5679.45,5587.74,1204913337
2025-11-28,恒生科技,5599.10986,5622.36,5631.27,5571.31,896437824
2025-12-01,恒生科技,5644.75977,5611.02,5666.28,5584.96,1060200212
2025-12-02,恒生科技,5624.04004,5687.49,5689.06,5596.5,1193542278
2025-12-03,恒生科技,5534.91992,5595.53,5600.88,5524.25,1000299059
2025-12-04,恒生科技,5615.43018,5546.3,5643.23,5501.88,1307781309
2025-12-05,恒生科技,5662.45996,5592.19,5686.01,5552.03,1581235924
2025-12-08,恒生科技,5662.54981,5666.99,5706.54,5644.67,1267825602
2025-12-09,恒生科技,5554.68018,5656.07,5668.24,5543.83,1144814044
2025-12-10,恒生科技,5581.1001,5552.35,5582.96,5502.17,1386548721
2025-12-11,恒生科技,5534.58984,5611.93,5626.77,5516.21,1295147954
2025-12-12,恒生科技,5638.04981,5591.15,5649.28,5549.64,2193192331
2025-12-15,恒生科技,5498.41992,5562.67,5582.46,5494.31,1346734790
2025-12-16,恒生科技,5402.50977,5467.76,5480.59,5348.31,1798489314
2025-12-17,恒生科技,5457.9502,5407.36,5479.99,5381.73,1357300288
2025-12-18,恒生科技,5418.29004,5397.34,5432.9,5367.13,1767215803
2025-12-19,恒生科技,5479.04004,5461.92,5505.14,5432.41,1819773037
2025-12-22,恒生科技,5526.83008,5512.54,5552.72,5498.85,1640541244
2025-12-23,恒生科技,5488.89014,5534.54,5534.54,5466.63,1402383649
2025-12-24,恒生科技,5499.29981,5492.83,5523.28,5484.11,672759214
2025-12-29,恒生科技,5483.00977,5547.79,5619.63,5483.01,1378118553
2025-12-30,恒生科技,5578.37988,5503.61,5597.87,5503.61,1645322139
2025-12-31,恒生科技,5515.97998,5566.24,5581.97,5493.15,810951365
2026-01-02,恒生科技,5736.43994,5547.85,5753.28,5530.99,880006127
2026-01-05,恒生科技,5741.63,5755.28,5786.6,5707.73,1818827668
2026-01-06,恒生科技,5825.25977,5787.01,5875.32,5784.54,2255786902
2026-01-07,恒生科技,5738.52002,5809.01,5810.83,5687.01,1975891591
2026-01-08,恒生科技,5678.33984,5713.53,5713.53,5614.59,2008530646
2026-01-09,恒生科技,5687.14014,5699.97,5737.22,5661.28,1723966101
2026-01-12,恒生科技,5863.2002,5737.43,5863.61,5698.16,3112166609
2026-01-13,恒生科技,5869.79004,5976.22,6001.02,5827.58,2955008540
2026-01-14,恒生科技,5908.25977,5894.63,5965.61,5837.53,3333634188
2026-01-15,恒生科技,5828.3501,5875.78,5903.23,5788.09,2068878511
2026-01-16,恒生科技,5822.18018,5883.37,5894.76,5791.76,2045025775
2026-01-19,恒生科技,5749.97998,5777.07,5803.51,5741.51,1472406783
2026-01-20,恒生科技,5683.43994,5737.11,5762.89,5662.19,1695102218
2026-01-21,恒生科技,5746.29981,5643.62,5783.73,5641.33,2290528625
2026-01-22,恒生科技,5762.43994,5795.0,5807.16,5712.75,1382067443
2026-01-23,恒生科技,5798.00977,5817.51,5822.78,5757.29,1189570500
2026-01-26,恒生科技,5725.99023,5801.15,5801.15,5686.47,1224042094
2026-01-27,恒生科技,5754.72022,5734.9,5769.03,5682.78,1074277033
2026-01-28,恒生科技,5900.16016,5786.66,5901.32,5772.67,1681210142
2026-01-29,恒生科技,5841.1001,5853.59,5898.72,5805.6,1649497765
2026-01-30,恒生科技,5718.18018,5789.49,5801.1,5716.52,1435751033
2026-02-02,恒生科技,5526.31006,5644.38,5644.38,5470.01,1887713610
2026-02-03,恒生科技,5467.25977,5563.79,5579.3,5338.5,1704158911
2026-02-04,恒生科技,5366.43994,5419.93,5432.47,5320.72,1892560197
2026-02-05,恒生科技,5406.12988,5295.89,5421.74,5267.63,1837424043
2026-02-06,恒生科技,5346.2002,5275.12,5397.32,5275.12,1323860529
2026-02-09,恒生科技,5417.6001,5447.63,5459.9,5392.32,1242664781
2026-02-10,恒生科技,5451.02979,5461.96,5522.5,5441.48,1430587043
2026-02-11,恒生科技,5499.99023,5462.7,5521.81,5450.21,1589216055
2026-02-12,恒生科技,5408.97998,5474.25,5476.48,5393.12,2377756696
2026-02-13,恒生科技,5360.41992,5323.14,5381.69,5310.84,1564431383
2026-02-16,恒生科技,5367.52002,5350.25,5368.23,5253.64,527993727
2026-02-20,恒生科技,5211.5,5330.61,5341.72,5211.5,967555315
2026-02-23,恒生科技,5385.3501,5303.5,5420.96,5303.5,1048301124
2026-02-24,恒生科技,5270.7002,5330.26,5330.26,5239.69,1906164340
2026-02-25,恒生科技,5260.5,5316.09,5325.58,5252.2,1591631479
2026-02-26,恒生科技,5109.33008,5284.51,5284.51,5109.33,1790230632
2026-02-27,恒生科技,5137.83984,5117.24,5185.26,5100.17,4142214244
2026-03-02,恒生科技,4989.37012,5046.4,5088.25,4966.85,2768949781
2026-03-03,恒生科技,4876.52979,5018.4,5031.42,4859.54,2091227056
2026-03-04,恒生科技,4829.5,4816.2,4881.69,4750.18,2218078934
2026-03-05,恒生科技,4796.33008,4907.05,4916.24,4769.92,1452610550
2026-03-06,恒生科技,4947.5,4818.81,4977.08,4798.23,2151317787
2026-03-09,恒生科技,4941.72998,4760.16,4947.49,4760.16,1878874073
2026-03-10,恒生科技,5060.52979,5040.8,5060.53,4960.79,1555239866
2026-03-11,恒生科技,5054.8501,5104.58,5124.55,5035.9,1125039532
2026-03-12,恒生科技,5027.64014,5024.53,5088.59,4973.32,1497263316
2026-03-13,恒生科技,4978.08008,5006.29,5046.29,4963.02,2152400564
2026-03-16,恒生科技,5111.77979,4988.47,5127.25,4935.85,1821880816
2026-03-17,恒生科技,5107.64014,5137.33,5232.33,5094.32,1491913096
2026-03-18,恒生科技,5108.29981,5112.97,5136.02,5053.74,1317586347
2026-03-19,恒生科技,4996.27979,5000.99,5069.24,4981.92,1570337425
2026-03-20,恒生科技,4872.37988,4948.04,4997.7,4835.87,1937592465
2026-03-23,恒生科技,4712.47998,4780.04,4806.61,4657.55,2156292674
2026-03-24,恒生科技,4830.89014,4773.58,4840.61,4693.49,1432262486
2026-03-25,恒生科技,4922.93994,4878.64,4955.47,4806.72,2532070119
2026-03-26,恒生科技,4761.54004,4889.55,4902.42,4745.55,1672938527
2026-03-27,恒生科技,4778.00977,4740.78,4836.78,4722.5,1261861465
2026-03-30,恒生科技,4690.08008,4645.26,4727.42,4619.67,1561604800
2026-03-31,恒生科技,4649.81982,4693.61,4742.04,4623.65,1322164004
2026-04-01,恒生科技,4756.4502,4777.67,4792.65,4708.89,1587361566
2026-04-02,恒生科技,4679.1001,4732.95,4742.78,4629.15,1674099791
2026-04-08,恒生科技,4923.25,4817.01,4930.67,4809.8,2477888482
2026-04-09,恒生科技,4821.66992,4868.39,4889.89,4809.96,1355007460
2026-04-10,恒生科技,4860.25977,4844.15,4935.97,4844.14,1379650087
2026-04-13,恒生科技,4822.00977,4826.86,4843.99,4791.86,1046182006
2026-04-14,恒生科技,4851.95996,4888.22,4900.49,4801.9,1114889722
2026-04-15,恒生科技,4911.79004,4961.5,4973.43,4905.58,1172114771
2026-04-16,恒生科技,5092.08008,4976.17,5095.76,4976.17,1374077555
2026-04-17,恒生科技,5042.68018,5055.58,5072.38,5000.84,1356338993
2026-04-20,恒生科技,5065.62988,5059.58,5103.03,5020.2,1326844036
2026-04-21,恒生科技,5061.5,5092.53,5092.53,5017.39,947680549
2026-04-22,恒生科技,4963.93994,5009.76,5009.76,4940.09,1025621743
2026-04-23,恒生科技,4865.52002,4962.08,4962.08,4846.09,1095500445
2026-04-24,恒生科技,4902.2002,4826.62,4911.68,4775.59,1418068989
2026-04-27,恒生科技,4939.83984,4929.58,4975.23,4900.52,1165377200
2026-04-28,恒生科技,4827.18994,4923.78,4934.76,4813.56,1345350292
2026-04-29,恒生科技,4910.02002,4878.97,4918.7,4851.53,1335938833
2026-04-30,恒生科技,4871.31982,4876.72,4897.39,4823.75,2066971666
2026-05-04,恒生科技,4976.7002,4948.43,5053.48,4948.43,891659835
2026-05-05,恒生科技,4929.68018,4949.12,4949.12,4859.44,612714477
2026-05-06,恒生科技,4969.2002,4971.69,5026.76,4924.43,1677061996
2026-05-07,恒生科技,5121.1001,5089.11,5137.85,5070.3,1972510485
2026-05-08,恒生科技,5102.79004,5079.77,5122.91,5047.17,1324397412
2026-05-11,恒生科技,5106.3999,5078.36,5119.33,5055.72,2812730616
2026-05-12,恒生科技,5070.60986,5129.54,5141.49,5059.58,1265664507
2026-05-13,恒生科技,5093.8501,5055.41,5122.26,5017.71,1323015782
2026-05-14,恒生科技,5076.2002,5258.56,5258.56,5074.02,2151921033
2026-05-15,恒生科技,4941.14014,5069.46,5069.46,4910.76,2031431951
2026-05-18,恒生科技,4844.93994,4897.71,4897.71,4804.87,1531273438
2026-05-19,恒生科技,4857.45996,4838.36,4880.53,4812.67,1270897873
2026-05-20,恒生科技,4873.81982,4840.61,4892.19,4819.85,1440705677
2026-05-21,恒生科技,4768.8999,4924.69,4936.31,4756.15,2129365526
2026-05-22,恒生科技,4869.56982,4843.95,4882.23,4797.92,1973698491
2026-05-26,恒生科技,4946.87988,4962.22,4986.84,4874.2,2906837035
2026-05-27,恒生科技,4907.56982,4979.63,5009.0,4888.21,2137706052
2026-05-28,恒生科技,4888.58008,4895.28,4910.26,4814.98,2559530436
2026-05-29,恒生科技,4884.22998,4939.91,4980.78,4867.56,3525252953
2026-06-01,恒生科技,4964.91992,4894.94,5015.94,4894.94,2389687427
2026-06-02,恒生科技,5199.27979,4995.83,5203.11,4995.83,2345017594
2026-06-03,恒生科技,5056.97022,5162.81,5162.81,5042.33,1989875920
2026-06-04,恒生科技,4975.35986,4994.94,5014.48,4962.91,1756262425
2026-06-05,恒生科技,4888.39014,4959.93,4969.03,4872.39,2093237509
2026-06-08,恒生科技,4755.91016,4769.69,4821.14,4709.44,2200651820
2026-06-09,恒生科技,4769.60986,4743.52,4828.79,4738.26,1497241342
2026-06-10,恒生科技,4724.79004,4751.5,4773.36,4660.87,2175143231
2026-06-11,恒生科技,4655.74023,4715.42,4734.19,4590.9,1919568648
2026-06-12,恒生科技,4705.2002,4713.29,4750.6,4677.13,2171619834
2026-06-15,恒生科技,4765.58008,4788.83,4794.67,4737.97,1373505080
2026-06-16,恒生科技,4658.6499,4765.49,4765.49,4639.81,1226202926
2026-06-17,恒生科技,4669.06982,4636.78,4681.19,4617.49,1534009041
2026-06-18,恒生科技,4604.3501,4628.07,4639.36,4567.28,2378182754
2026-06-22,恒生科技,4549.41016,4595.07,4595.07,4513.97,1846763081
2026-06-23,恒生科技,4399.22022,4551.45,4559.59,4380.76,1707954215
2026-06-24,恒生科技,4479.02002,4420.41,4543.67,4411.91,2027109768
2026-06-25,恒生科技,4405.91992,4497.27,4497.27,4353.16,1730062538
2026-06-26,恒生科技,4255.58984,4371.54,4371.54,4229.94,2663455249
2026-06-29,恒生科技,4393.00977,4323.56,4431.39,4320.85,3221997661
2026-06-30,恒生科技,4472.22998,4416.68,4495.05,4401.68,2716990486
2026-07-02,恒生科技,4454.27979,4528.24,4583.1,4434.25,2127293553
2026-07-03,恒生科技,4499.0,4487.98,4558.09,4480.58,1990741489
2026-07-06,恒生科技,4541.22998,4523.93,4565.98,4456.14,2098228660
2026-07-07,恒生科技,4507.04004,4524.42,4651.79,4486.91,2372269003
2026-07-08,恒生科技,4731.02002,4525.77,4774.2,4525.77,2727439380
2026-07-09,恒生科技,4731.56006,4744.97,4832.0,4678.8,2357671586
2026-07-10,恒生科技,4721.66016,4790.51,4862.22,4705.37,2067947521
2026-07-13,恒生科技,4676.43018,4719.68,4798.85,4651.99,1837406390
2026-07-14,恒生科技,4679.45996,4664.61,4706.84,4573.1,2118161295
2026-07-15,恒生科技,4740.49023,4716.18,4776.56,4665.98,1415826600
